<?xml version="1.0" encoding="UTF-8"?>
<metadata xml:lang="es"><Esri><CreaDate>20200117</CreaDate><CreaTime>11023300</CreaTime><ArcGISFormat>1.0</ArcGISFormat><SyncOnce>TRUE</SyncOnce><DataProperties><lineage><Process ToolSource="c:\program files (x86)\arcgis\desktop10.6\ArcToolbox\Toolboxes\Data Management Tools.tbx\CreateFishnet" Date="20200115" Time="121134">CreateFishnet D:\USUARIOS\lmguerrero\Documents\LMGUERRERO\Sentinel\imagenes\puntos_lago.shp "723900 606180" "723900 606190" 10 10 # # "737100 619380" LABELS tif1.tif POLYGON</Process><Process ToolSource="c:\program files (x86)\arcgis\desktop10.6\ArcToolbox\Toolboxes\Data Management Tools.tbx\CalculateField" Date="20200117" Time="110400">CalculateField Coordenadas_Pixel Name "Llano Alarcon" VB #</Process></lineage></DataProperties></Esri></metadata>
